<?xml version="1.0" encoding="utf-8"?>
<browserconfig>
    <msapplication>
        <tile>
            <square70x70logo src="/rpidb_ico/mstile-70x70.png?v=PYAg5Ko93z"/>
            <square150x150logo src="/rpidb_ico/mstile-150x150.png?v=PYAg5Ko93z"/>
            <square310x310logo src="/rpidb_ico/mstile-310x310.png?v=PYAg5Ko93z"/>
            <wide310x150logo src="/rpidb_ico/mstile-310x150.png?v=PYAg5Ko93z"/>
            <TileColor>#b91d47</TileColor>
        </tile>
    </msapplication>
</browserconfig>
